256, 20000000, , , , , , , , , 
257, , 20000001, , , , , , , , 
258, , , 20000002, , , , , , , 
259, , , , 20000003, , , , , , 
260, , , , , 20000004, , , , , 
261, , , , , , 20000005, , , , 
262, , , , , , , 20000006, , , 
263, , , , , , , , 20000007, , 
264, , , , , , , , , 20000008, 
265, , , , , , , , , , 
521, 20000000, , , , , , , , , 
522, , 20000001, , , , , , , , 
523, , , 20000002, , , , , , , 
524, , , , 20000003, , , , , , 
525, , , , , 20000004, , , , , 
526, , , , , , 20000005, , , , 
527, , , , , , , 20000006, , , 
528, , , , , , , , 20000007, , 
529, , , , , , , , , 20000008, 
530, , , , , , , , , , 
786, 20000000, , , , , , , , , 
787, , 20000001, , , , , , , , 
788, , , 20000002, , , , , , , 
789, , , , 20000003, , , , , , 
790, , , , , 20000004, , , , , 
791, , , , , , 20000005, , , , 
792, , , , , , , 20000006, , , 
793, , , , , , , , 20000007, , 
794, , , , , , , , , 20000008, 
795, , , , , , , , , , 
1051, 20000000, , , , , , , , , 
1052, , 20000001, , , , , , , , 
1053, , , 20000002, , , , , , , 
1054, , , , 20000003, , , , , , 
1055, , , , , 20000004, , , , , 
1056, , , , , , 20000005, , , , 
1057, , , , , , , 20000006, , , 
1058, , , , , , , , 20000007, , 
1059, , , , , , , , , 20000008, 
1060, , , , , , , , , , 
1316, 20000000, , , , , , , , , 
1317, , 20000001, , , , , , , , 
1318, , , 20000002, , , , , , , 
1319, , , , 20000003, , , , , , 
1320, , , , , 20000004, , , , , 
1321, , , , , , 20000005, , , , 
1322, , , , , , , 20000006, , , 
1323, , , , , , , , 20000007, , 
1324, , , , , , , , , 20000008, 
1325, , , , , , , , , , 
1581, 20000000, , , , , , , , , 
1582, , 20000001, , , , , , , , 
1583, , , 20000002, , , , , , , 
1584, , , , 20000003, , , , , , 
1585, , , , , 20000004, , , , , 
1586, , , , , , 20000005, , , , 
1587, , , , , , , 20000006, , , 
1588, , , , , , , , 20000007, , 
1589, , , , , , , , , 20000008, 
1590, , , , , , , , , , 
1846, 20000000, , , , , , , , , 
1847, , 20000001, , , , , , , , 
1848, , , 20000002, , , , , , , 
1849, , , , 20000003, , , , , , 
1850, , , , , 20000004, , , , , 
1851, , , , , , 20000005, , , , 
1852, , , , , , , 20000006, , , 
1853, , , , , , , , 20000007, , 
1854, , , , , , , , , 20000008, 
1855, , , , , , , , , , 
2111, 20000000, , , , , , , , , 
2112, , 20000001, , , , , , , , 
2113, , , 20000002, , , , , , , 
2114, , , , 20000003, , , , , , 
2115, , , , , 20000004, , , , , 
2116, , , , , , 20000005, , , , 
2117, , , , , , , 20000006, , , 
2118, , , , , , , , 20000007, , 
2119, , , , , , , , , 20000008, 
2120, , , , , , , , , , 
2376, 20000000, , , , , , , , , 
2377, , 20000001, , , , , , , , 
2378, , , 20000002, , , , , , , 
2379, , , , 20000003, , , , , , 
2380, , , , , 20000004, , , , , 
2381, , , , , , 20000005, , , , 
2382, , , , , , , 20000006, , , 
2383, , , , , , , , 20000007, , 
2384, , , , , , , , , 20000008, 
2385, , , , , , , , , , 
2641, 20000000, , , , , , , , , 
2642, , 20000001, , , , , , , , 
2643, , , 20000002, , , , , , , 
2644, , , , 20000003, , , , , , 
2645, , , , , 20000004, , , , , 
2646, , , , , , 20000005, , , , 
2647, , , , , , , 20000006, , , 
2648, , , , , , , , 20000007, , 
2649, , , , , , , , , 20000008, 
2650, , , , , , , , , , 
2906, 20000000, , , , , , , , , 
2907, , 20000001, , , , , , , , 
2908, , , 20000002, , , , , , , 
2909, , , , 20000003, , , , , , 
2910, , , , , 20000004, , , , , 
2911, , , , , , 20000005, , , , 
2912, , , , , , , 20000006, , , 
2913, , , , , , , , 20000007, , 
2914, , , , , , , , , 20000008, 
2915, , , , , , , , , , 
3171, 20000000, , , , , , , , , 
3172, , 20000001, , , , , , , , 
3173, , , 20000002, , , , , , , 
3174, , , , 20000003, , , , , , 
3175, , , , , 20000004, , , , , 
3176, , , , , , 20000005, , , , 
3177, , , , , , , 20000006, , , 
3178, , , , , , , , 20000007, , 
3179, , , , , , , , , 20000008, 
3180, , , , , , , , , , 
3436, 20000000, , , , , , , , , 
3437, , 20000001, , , , , , , , 
3438, , , 20000002, , , , , , , 
3439, , , , 20000003, , , , , , 
3440, , , , , 20000004, , , , , 
3441, , , , , , 20000005, , , , 
3442, , , , , , , 20000006, , , 
3443, , , , , , , , 20000007, , 
3444, , , , , , , , , 20000008, 
3445, , , , , , , , , , 
3701, 20000000, , , , , , , , , 
3702, , 20000001, , , , , , , , 
3703, , , 20000002, , , , , , , 
3704, , , , 20000003, , , , , , 
3705, , , , , 20000004, , , , , 
3706, , , , , , 20000005, , , , 
3707, , , , , , , 20000006, , , 
3708, , , , , , , , 20000007, , 
3709, , , , , , , , , 20000008, 
3710, , , , , , , , , , 
3966, 20000000, , , , , , , , , 
3967, , 20000001, , , , , , , , 
3968, , , 20000002, , , , , , , 
3969, , , , 20000003, , , , , , 
3970, , , , , 20000004, , , , , 
3971, , , , , , 20000005, , , , 
3972, , , , , , , 20000006, , , 
3973, , , , , , , , 20000007, , 
3974, , , , , , , , , 20000008, 
3975, , , , , , , , , , 
4231, 20000000, , , , , , , , , 
4232, , 20000001, , , , , , , , 
4233, , , 20000002, , , , , , , 
4234, , , , 20000003, , , , , , 
4235, , , , , 20000004, , , , , 
4236, , , , , , 20000005, , , , 
4237, , , , , , , 20000006, , , 
4238, , , , , , , , 20000007, , 
4239, , , , , , , , , 20000008, 
4240, , , , , , , , , , 
4496, 20000000, , , , , , , , , 
4497, , 20000001, , , , , , , , 
4498, , , 20000002, , , , , , , 
4499, , , , 20000003, , , , , , 
4500, , , , , 20000004, , , , , 
4501, , , , , , 20000005, , , , 
4502, , , , , , , 20000006, , , 
4503, , , , , , , , 20000007, , 
4504, , , , , , , , , 20000008, 
4505, , , , , , , , , , 
4761, 20000000, , , , , , , , , 
4762, , 20000001, , , , , , , , 
4763, , , 20000002, , , , , , , 
4764, , , , 20000003, , , , , , 
4765, , , , , 20000004, , , , , 
4766, , , , , , 20000005, , , , 
4767, , , , , , , 20000006, , , 
4768, , , , , , , , 20000007, , 
4769, , , , , , , , , 20000008, 
4770, , , , , , , , , , 
5026, 20000000, , , , , , , , , 
5027, , 20000001, , , , , , , , 
5028, , , 20000002, , , , , , , 
5029, , , , 20000003, , , , , , 
5030, , , , , 20000004, , , , , 
5031, , , , , , 20000005, , , , 
5032, , , , , , , 20000006, , , 
5033, , , , , , , , 20000007, , 
5034, , , , , , , , , 20000008, 
5035, , , , , , , , , , 
5291, 20000000, , , , , , , , , 
5292, , 20000001, , , , , , , , 
5293, , , 20000002, , , , , , , 
5294, , , , 20000003, , , , , , 
5295, , , , , 20000004, , , , , 
5296, , , , , , 20000005, , , , 
5297, , , , , , , 20000006, , , 
5298, , , , , , , , 20000007, , 
5299, , , , , , , , , 20000008, 
5300, , , , , , , , , , 
5556, 20000000, , , , , , , , , 
5557, , 20000001, , , , , , , , 
5558, , , 20000002, , , , , , , 
5559, , , , 20000003, , , , , , 
5560, , , , , 20000004, , , , , 
5561, , , , , , 20000005, , , , 
5562, , , , , , , 20000006, , , 
5563, , , , , , , , 20000007, , 
5564, , , , , , , , , 20000008, 
5565, , , , , , , , , , 
5821, 20000000, , , , , , , , , 
5822, , 20000001, , , , , , , , 
5823, , , 20000002, , , , , , , 
5824, , , , 20000003, , , , , , 
5825, , , , , 20000004, , , , , 
5826, , , , , , 20000005, , , , 
5827, , , , , , , 20000006, , , 
5828, , , , , , , , 20000007, , 
5829, , , , , , , , , 20000008, 
5830, , , , , , , , , , 
6086, 20000000, , , , , , , , , 
6087, , 20000001, , , , , , , , 
6088, , , 20000002, , , , , , , 
6089, , , , 20000003, , , , , , 
6090, , , , , 20000004, , , , , 
6091, , , , , , 20000005, , , , 
6092, , , , , , , 20000006, , , 
6093, , , , , , , , 20000007, , 
6094, , , , , , , , , 20000008, 
6095, , , , , , , , , , 
6351, 20000000, , , , , , , , , 
6352, , 20000001, , , , , , , , 
6353, , , 20000002, , , , , , , 
6354, , , , 20000003, , , , , , 
6355, , , , , 20000004, , , , , 
6356, , , , , , 20000005, , , , 
6357, , , , , , , 20000006, , , 
6358, , , , , , , , 20000007, , 
6359, , , , , , , , , 20000008, 
6360, , , , , , , , , , 
6616, 20000000, , , , , , , , , 
6617, , 20000001, , , , , , , , 
6618, , , 20000002, , , , , , , 
6619, , , , 20000003, , , , , , 
6620, , , , , 20000004, , , , , 
6621, , , , , , 20000005, , , , 
6622, , , , , , , 20000006, , , 
6623, , , , , , , , 20000007, , 
6624, , , , , , , , , 20000008, 
6625, , , , , , , , , , 
6881, 20000000, , , , , , , , , 
6882, , 20000001, , , , , , , , 
6883, , , 20000002, , , , , , , 
6884, , , , 20000003, , , , , , 
6885, , , , , 20000004, , , , , 
6886, , , , , , 20000005, , , , 
6887, , , , , , , 20000006, , , 
6888, , , , , , , , 20000007, , 
6889, , , , , , , , , 20000008, 
6890, , , , , , , , , , 
7146, 20000000, , , , , , , , , 
7147, , 20000001, , , , , , , , 
7148, , , 20000002, , , , , , , 
7149, , , , 20000003, , , , , , 
7150, , , , , 20000004, , , , , 
7151, , , , , , 20000005, , , , 
7152, , , , , , , 20000006, , , 
7153, , , , , , , , 20000007, , 
7154, , , , , , , , , 20000008, 
7155, , , , , , , , , , 
7411, 20000000, , , , , , , , , 
7412, , 20000001, , , , , , , , 
7413, , , 20000002, , , , , , , 
7414, , , , 20000003, , , , , , 
7415, , , , , 20000004, , , , , 
7416, , , , , , 20000005, , , , 
7417, , , , , , , 20000006, , , 
7418, , , , , , , , 20000007, , 
7419, , , , , , , , , 20000008, 
7420, , , , , , , , , , 
7676, 20000000, , , , , , , , , 
7677, , 20000001, , , , , , , , 
7678, , , 20000002, , , , , , , 
7679, , , , 20000003, , , , , , 
7680, , , , , 20000004, , , , , 
7681, , , , , , 20000005, , , , 
7682, , , , , , , 20000006, , , 
7683, , , , , , , , 20000007, , 
7684, , , , , , , , , 20000008, 
7685, , , , , , , , , , 
7941, 20000000, , , , , , , , , 
7942, , 20000001, , , , , , , , 
7943, , , 20000002, , , , , , , 
7944, , , , 20000003, , , , , , 
7945, , , , , 20000004, , , , , 
7946, , , , , , 20000005, , , , 
7947, , , , , , , 20000006, , , 
7948, , , , , , , , 20000007, , 
7949, , , , , , , , , 20000008, 
7950, , , , , , , , , , 
8206, 20000000, , , , , , , , , 
8207, , 20000001, , , , , , , , 
8208, , , 20000002, , , , , , , 
8209, , , , 20000003, , , , , , 
8210, , , , , 20000004, , , , , 
8211, , , , , , 20000005, , , , 
8212, , , , , , , 20000006, , , 
8213, , , , , , , , 20000007, , 
8214, , , , , , , , , 20000008, 
8215, , , , , , , , , , 
8471, 20000000, , , , , , , , , 
8472, , 20000001, , , , , , , , 
8473, , , 20000002, , , , , , , 
8474, , , , 20000003, , , , , , 
8475, , , , , 20000004, , , , , 
8476, , , , , , 20000005, , , , 
8477, , , , , , , 20000006, , , 
8478, , , , , , , , 20000007, , 
8479, , , , , , , , , 20000008, 
8480, , , , , , , , , , 
8736, 20000000, , , , , , , , , 
8737, , 20000001, , , , , , , , 
8738, , , 20000002, , , , , , , 
8739, , , , 20000003, , , , , , 
8740, , , , , 20000004, , , , , 
8741, , , , , , 20000005, , , , 
8742, , , , , , , 20000006, , , 
8743, , , , , , , , 20000007, , 
8744, , , , , , , , , 20000008, 
8745, , , , , , , , , , 
9001, 20000000, , , , , , , , , 
9002, , 20000001, , , , , , , , 
9003, , , 20000002, , , , , , , 
9004, , , , 20000003, , , , , , 
9005, , , , , 20000004, , , , , 
9006, , , , , , 20000005, , , , 
9007, , , , , , , 20000006, , , 
9008, , , , , , , , 20000007, , 
9009, , , , , , , , , 20000008, 
9010, , , , , , , , , , 
9266, 20000000, , , , , , , , , 
9267, , 20000001, , , , , , , , 
9268, , , 20000002, , , , , , , 
9269, , , , 20000003, , , , , , 
9270, , , , , 20000004, , , , , 
9271, , , , , , 20000005, , , , 
9272, , , , , , , 20000006, , , 
9273, , , , , , , , 20000007, , 
9274, , , , , , , , , 20000008, 
9275, , , , , , , , , , 
9531, 20000000, , , , , , , , , 
9532, , 20000001, , , , , , , , 
9533, , , 20000002, , , , , , , 
9534, , , , 20000003, , , , , , 
9535, , , , , 20000004, , , , , 
9536, , , , , , 20000005, , , , 
9537, , , , , , , 20000006, , , 
9538, , , , , , , , 20000007, , 
9539, , , , , , , , , 20000008, 
9540, , , , , , , , , , 
9796, 20000000, , , , , , , , , 
9797, , 20000001, , , , , , , , 
9798, , , 20000002, , , , , , , 
9799, , , , 20000003, , , , , , 
9800, , , , , 20000004, , , , , 
9801, , , , , , 20000005, , , , 
9802, , , , , , , 20000006, , , 
9803, , , , , , , , 20000007, , 
9804, , , , , , , , , 20000008, 
9805, , , , , , , , , , 
10061, 20000000, , , , , , , , , 
10062, , 20000001, , , , , , , , 
10063, , , 20000002, , , , , , , 
10064, , , , 20000003, , , , , , 
10065, , , , , 20000004, , , , , 
10066, , , , , , 20000005, , , , 
10067, , , , , , , 20000006, , , 
10068, , , , , , , , 20000007, , 
10069, , , , , , , , , 20000008, 
10070, , , , , , , , , , 
10326, 20000000, , , , , , , , , 
10327, , 20000001, , , , , , , , 
10328, , , 20000002, , , , , , , 
10329, , , , 20000003, , , , , , 
10330, , , , , 20000004, , , , , 
10331, , , , , , 20000005, , , , 
10332, , , , , , , 20000006, , , 
10333, , , , , , , , 20000007, , 
10334, , , , , , , , , 20000008, 
10335, , , , , , , , , , 
10591, 20000000, , , , , , , , , 
10592, , 20000001, , , , , , , , 
10593, , , 20000002, , , , , , , 
10594, , , , 20000003, , , , , , 
10595, , , , , 20000004, , , , , 
10596, , , , , , 20000005, , , , 
10597, , , , , , , 20000006, , , 
10598, , , , , , , , 20000007, , 
10599, , , , , , , , , 20000008, 
10600, , , , , , , , , , 
10856, 20000000, , , , , , , , , 
10857, , 20000001, , , , , , , , 
10858, , , 20000002, , , , , , , 
10859, , , , 20000003, , , , , , 
10860, , , , , 20000004, , , , , 
10861, , , , , , 20000005, , , , 
10862, , , , , , , 20000006, , , 
10863, , , , , , , , 20000007, , 
10864, , , , , , , , , 20000008, 
10865, , , , , , , , , , 
11121, 20000000, , , , , , , , , 
11122, , 20000001, , , , , , , , 
11123, , , 20000002, , , , , , , 
11124, , , , 20000003, , , , , , 
11125, , , , , 20000004, , , , , 
11126, , , , , , 20000005, , , , 
11127, , , , , , , 20000006, , , 
11128, , , , , , , , 20000007, , 
11129, , , , , , , , , 20000008, 
11130, , , , , , , , , , 
11386, 20000000, , , , , , , , , 
11387, , 20000001, , , , , , , , 
11388, , , 20000002, , , , , , , 
11389, , , , 20000003, , , , , , 
11390, , , , , 20000004, , , , , 
11391, , , , , , 20000005, , , , 
11392, , , , , , , 20000006, , , 
11393, , , , , , , , 20000007, , 
11394, , , , , , , , , 20000008, 
11395, , , , , , , , , , 
11651, 20000000, , , , , , , , , 
11652, , 20000001, , , , , , , , 
11653, , , 20000002, , , , , , , 
11654, , , , 20000003, , , , , , 
11655, , , , , 20000004, , , , , 
11656, , , , , , 20000005, , , , 
11657, , , , , , , 20000006, , , 
11658, , , , , , , , 20000007, , 
11659, , , , , , , , , 20000008, 
11660, , , , , , , , , , 
11916, 20000000, , , , , , , , , 
11917, , 20000001, , , , , , , , 
11918, , , 20000002, , , , , , , 
11919, , , , 20000003, , , , , , 
11920, , , , , 20000004, , , , , 
11921, , , , , , 20000005, , , , 
11922, , , , , , , 20000006, , , 
11923, , , , , , , , 20000007, , 
11924, , , , , , , , , 20000008, 
11925, , , , , , , , , , 
12181, 20000000, , , , , , , , , 
12182, , 20000001, , , , , , , , 
12183, , , 20000002, , , , , , , 
12184, , , , 20000003, , , , , , 
12185, , , , , 20000004, , , , , 
12186, , , , , , 20000005, , , , 
12187, , , , , , , 20000006, , , 
12188, , , , , , , , 20000007, , 
12189, , , , , , , , , 20000008, 
12190, , , , , , , , , , 
12446, 20000000, , , , , , , , , 
12447, , 20000001, , , , , , , , 
12448, , , 20000002, , , , , , , 
12449, , , , 20000003, , , , , , 
12450, , , , , 20000004, , , , , 
12451, , , , , , 20000005, , , , 
12452, , , , , , , 20000006, , , 
12453, , , , , , , , 20000007, , 
12454, , , , , , , , , 20000008, 
12455, , , , , , , , , , 
12711, 20000000, , , , , , , , , 
12712, , 20000001, , , , , , , , 
12713, , , 20000002, , , , , , , 
12714, , , , 20000003, , , , , , 
12715, , , , , 20000004, , , , , 
12716, , , , , , 20000005, , , , 
12717, , , , , , , 20000006, , , 
12718, , , , , , , , 20000007, , 
12719, , , , , , , , , 20000008, 
12720, , , , , , , , , , 
12976, 20000000, , , , , , , , , 
12977, , 20000001, , , , , , , , 
12978, , , 20000002, , , , , , , 
12979, , , , 20000003, , , , , , 
12980, , , , , 20000004, , , , , 
12981, , , , , , 20000005, , , , 
12982, , , , , , , 20000006, , , 
12983, , , , , , , , 20000007, , 
12984, , , , , , , , , 20000008, 
12985, , , , , , , , , , 
13241, 20000000, , , , , , , , , 
13242, , 20000001, , , , , , , , 
13243, , , 20000002, , , , , , , 
13244, , , , 20000003, , , , , , 
13245, , , , , 20000004, , , , , 
13246, , , , , , 20000005, , , , 
13247, , , , , , , 20000006, , , 
13248, , , , , , , , 20000007, , 
13249, , , , , , , , , 20000008, 
13250, , , , , , , , , , 
13506, 20000000, , , , , , , , , 
13507, , 20000001, , , , , , , , 
13508, , , 20000002, , , , , , , 
13509, , , , 20000003, , , , , , 
13510, , , , , 20000004, , , , , 
13511, , , , , , 20000005, , , , 
13512, , , , , , , 20000006, , , 
13513, , , , , , , , 20000007, , 
13514, , , , , , , , , 20000008, 
13515, , , , , , , , , , 
13771, 20000000, , , , , , , , , 
13772, , 20000001, , , , , , , , 
13773, , , 20000002, , , , , , , 
13774, , , , 20000003, , , , , , 
13775, , , , , 20000004, , , , , 
13776, , , , , , 20000005, , , , 
13777, , , , , , , 20000006, , , 
13778, , , , , , , , 20000007, , 
13779, , , , , , , , , 20000008, 
13780, , , , , , , , , , 
14036, 20000000, , , , , , , , , 
14037, , 20000001, , , , , , , , 
14038, , , 20000002, , , , , , , 
14039, , , , 20000003, , , , , , 
14040, , , , , 20000004, , , , , 
14041, , , , , , 20000005, , , , 
14042, , , , , , , 20000006, , , 
14043, , , , , , , , 20000007, , 
14044, , , , , , , , , 20000008, 
14045, , , , , , , , , , 
14301, 20000000, , , , , , , , , 
14302, , 20000001, , , , , , , , 
14303, , , 20000002, , , , , , , 
14304, , , , 20000003, , , , , , 
14305, , , , , 20000004, , , , , 
14306, , , , , , 20000005, , , , 
14307, , , , , , , 20000006, , , 
14308, , , , , , , , 20000007, , 
14309, , , , , , , , , 20000008, 
14310, , , , , , , , , , 
14566, 20000000, , , , , , , , , 
14567, , 20000001, , , , , , , , 
14568, , , 20000002, , , , , , , 
14569, , , , 20000003, , , , , , 
14570, , , , , 20000004, , , , , 
14571, , , , , , 20000005, , , , 
14572, , , , , , , 20000006, , , 
14573, , , , , , , , 20000007, , 
14574, , , , , , , , , 20000008, 
14575, , , , , , , , , , 
14831, 20000000, , , , , , , , , 
14832, , 20000001, , , , , , , , 
14833, , , 20000002, , , , , , , 
14834, , , , 20000003, , , , , , 
14835, , , , , 20000004, , , , , 
14836, , , , , , 20000005, , , , 
14837, , , , , , , 20000006, , , 
14838, , , , , , , , 20000007, , 
14839, , , , , , , , , 20000008, 
14840, , , , , , , , , , 
15096, 20000000, , , , , , , , , 
15097, , 20000001, , , , , , , , 
15098, , , 20000002, , , , , , , 
15099, , , , 20000003, , , , , , 
15100, , , , , 20000004, , , , , 
15101, , , , , , 20000005, , , , 
15102, , , , , , , 20000006, , , 
15103, , , , , , , , 20000007, , 
15104, , , , , , , , , 20000008, 
15105, , , , , , , , , , 
15361, 20000000, , , , , , , , , 
15362, , 20000001, , , , , , , , 
15363, , , 20000002, , , , , , , 
15364, , , , 20000003, , , , , , 
15365, , , , , 20000004, , , , , 
15366, , , , , , 20000005, , , , 
15367, , , , , , , 20000006, , , 
15368, , , , , , , , 20000007, , 
15369, , , , , , , , , 20000008, 
15370, , , , , , , , , , 
15626, 20000000, , , , , , , , , 
15627, , 20000001, , , , , , , , 
15628, , , 20000002, , , , , , , 
15629, , , , 20000003, , , , , , 
15630, , , , , 20000004, , , , , 
15631, , , , , , 20000005, , , , 
15632, , , , , , , 20000006, , , 
15633, , , , , , , , 20000007, , 
15634, , , , , , , , , 20000008, 
15635, , , , , , , , , , 
15891, 20000000, , , , , , , , , 
15892, , 20000001, , , , , , , , 
15893, , , 20000002, , , , , , , 
15894, , , , 20000003, , , , , , 
15895, , , , , 20000004, , , , , 
15896, , , , , , 20000005, , , , 
15897, , , , , , , 20000006, , , 
15898, , , , , , , , 20000007, , 
15899, , , , , , , , , 20000008, 
15900, , , , , , , , , , 
16156, 20000000, , , , , , , , , 
16157, , 20000001, , , , , , , , 
16158, , , 20000002, , , , , , , 
16159, , , , 20000003, , , , , , 
16160, , , , , 20000004, , , , , 
16161, , , , , , 20000005, , , , 
16162, , , , , , , 20000006, , , 
16163, , , , , , , , 20000007, , 
16164, , , , , , , , , 20000008, 
16165, , , , , , , , , , 
16421, 20000000, , , , , , , , , 
16422, , 20000001, , , , , , , , 
16423, , , 20000002, , , , , , , 
16424, , , , 20000003, , , , , , 
16425, , , , , 20000004, , , , , 
16426, , , , , , 20000005, , , , 
16427, , , , , , , 20000006, , , 
16428, , , , , , , , 20000007, , 
16429, , , , , , , , , 20000008, 
16430, , , , , , , , , , 
16686, 20000000, , , , , , , , , 
16687, , 20000001, , , , , , , , 
16688, , , 20000002, , , , , , , 
16689, , , , 20000003, , , , , , 
16690, , , , , 20000004, , , , , 
16691, , , , , , 20000005, , , , 
16692, , , , , , , 20000006, , , 
16693, , , , , , , , 20000007, , 
16694, , , , , , , , , 20000008, 
16695, , , , , , , , , , 
16951, 20000000, , , , , , , , , 
16952, , 20000001, , , , , , , , 
16953, , , 20000002, , , , , , , 
16954, , , , 20000003, , , , , , 
16955, , , , , 20000004, , , , , 
16956, , , , , , 20000005, , , , 
16957, , , , , , , 20000006, , , 
16958, , , , , , , , 20000007, , 
16959, , , , , , , , , 20000008, 
16960, , , , , , , , , , 
17216, 20000000, , , , , , , , , 
17217, , 20000001, , , , , , , , 
17218, , , 20000002, , , , , , , 
17219, , , , 20000003, , , , , , 
17220, , , , , 20000004, , , , , 
17221, , , , , , 20000005, , , , 
17222, , , , , , , 20000006, , , 
17223, , , , , , , , 20000007, , 
17224, , , , , , , , , 20000008, 
17225, , , , , , , , , , 
17481, 20000000, , , , , , , , , 
17482, , 20000001, , , , , , , , 
17483, , , 20000002, , , , , , , 
17484, , , , 20000003, , , , , , 
17485, , , , , 20000004, , , , , 
17486, , , , , , 20000005, , , , 
17487, , , , , , , 20000006, , , 
17488, , , , , , , , 20000007, , 
17489, , , , , , , , , 20000008, 
17490, , , , , , , , , , 
17746, 20000000, , , , , , , , , 
17747, , 20000001, , , , , , , , 
17748, , , 20000002, , , , , , , 
17749, , , , 20000003, , , , , , 
17750, , , , , 20000004, , , , , 
17751, , , , , , 20000005, , , , 
17752, , , , , , , 20000006, , , 
17753, , , , , , , , 20000007, , 
17754, , , , , , , , , 20000008, 
17755, , , , , , , , , , 
18011, 20000000, , , , , , , , , 
18012, , 20000001, , , , , , , , 
18013, , , 20000002, , , , , , , 
18014, , , , 20000003, , , , , , 
18015, , , , , 20000004, , , , , 
18016, , , , , , 20000005, , , , 
18017, , , , , , , 20000006, , , 
18018, , , , , , , , 20000007, , 
18019, , , , , , , , , 20000008, 
18020, , , , , , , , , , 
18276, 20000000, , , , , , , , , 
18277, , 20000001, , , , , , , , 
18278, , , 20000002, , , , , , , 
18279, , , , 20000003, , , , , , 
18280, , , , , 20000004, , , , , 
18281, , , , , , 20000005, , , , 
18282, , , , , , , 20000006, , , 
18283, , , , , , , , 20000007, , 
18284, , , , , , , , , 20000008, 
18285, , , , , , , , , , 
18541, 20000000, , , , , , , , , 
18542, , 20000001, , , , , , , , 
18543, , , 20000002, , , , , , , 
18544, , , , 20000003, , , , , , 
18545, , , , , 20000004, , , , , 
18546, , , , , , 20000005, , , , 
18547, , , , , , , 20000006, , , 
18548, , , , , , , , 20000007, , 
18549, , , , , , , , , 20000008, 
18550, , , , , , , , , , 
18806, 20000000, , , , , , , , , 
18807, , 20000001, , , , , , , , 
18808, , , 20000002, , , , , , , 
18809, , , , 20000003, , , , , , 
18810, , , , , 20000004, , , , , 
18811, , , , , , 20000005, , , , 
18812, , , , , , , 20000006, , , 
18813, , , , , , , , 20000007, , 
18814, , , , , , , , , 20000008, 
18815, , , , , , , , , , 
19071, 20000000, , , , , , , , , 
19072, , 20000001, , , , , , , , 
19073, , , 20000002, , , , , , , 
19074, , , , 20000003, , , , , , 
19075, , , , , 20000004, , , , , 
19076, , , , , , 20000005, , , , 
19077, , , , , , , 20000006, , , 
19078, , , , , , , , 20000007, , 
19079, , , , , , , , , 20000008, 
19080, , , , , , , , , , 
